model,layer,dataset,subject,roi,pearson_r,pearson_r_nc,explained_variance,ev_nc,rsa,cka
MODEL_A,layer1-0,TVSD,monkeyF,IT,0.37300527,0.03865096,0.12555207,0.00134539,0.07051889,0.14118677
MODEL_A,layer1-0,TVSD,monkeyF,V4,0.45477777,0.04638038,0.17398773,0.00180911,0.06973402,0.15033617
MODEL_A,layer1-0,TVSD,monkeyF,V1,0.58550454,0.06031375,0.27681128,0.00293855,0.10795887,0.33114816
MODEL_A,layer1-0,TVSD,monkeyN,IT,0.38084213,0.0389822,0.11667938,0.00122211,0.04232898,0.0533053
MODEL_A,layer1-0,TVSD,monkeyN,V4,0.44761885,0.04573671,0.17711123,0.00184857,0.10115832,0.21116249
MODEL_A,layer1-0,TVSD,monkeyN,V1,0.6062146,0.06147682,0.31743172,0.00326683,0.10090949,0.35121525
MODEL_A,layer2-0,TVSD,monkeyF,IT,0.50188892,0.05200433,0.25677911,0.0027517,0.16229082,0.16897207
MODEL_A,layer2-0,TVSD,monkeyF,V4,0.49486892,0.05044491,0.19455,0.00202252,0.13418295,0.17827818
MODEL_A,layer2-0,TVSD,monkeyF,V1,0.68749524,0.07077706,0.45045404,0.00476819,0.18920889,0.34721784
MODEL_A,layer2-0,TVSD,monkeyN,IT,0.39681965,0.04055864,0.12356581,0.00129022,0.11354736,0.07184044
MODEL_A,layer2-0,TVSD,monkeyN,V4,0.61253674,0.06257439,0.36656214,0.00381858,0.19630111,0.26052066
MODEL_A,layer2-0,TVSD,monkeyN,V1,0.73513738,0.07452188,0.51567227,0.00529877,0.18981773,0.37672631
MODEL_A,layer3-0,TVSD,monkeyF,IT,0.60892321,0.06310392,0.35933986,0.00385542,0.26381296,0.23163271
MODEL_A,layer3-0,TVSD,monkeyF,V4,0.69851896,0.07121657,0.46277709,0.0048082,0.213488,0.25805583
MODEL_A,layer3-0,TVSD,monkeyF,V1,0.63292272,0.06513199,0.38323754,0.00405124,0.19767531,0.31585828
MODEL_A,layer3-0,TVSD,monkeyN,IT,0.65091673,0.06657875,0.40497575,0.00423158,0.17038246,0.12577313
MODEL_A,layer3-0,TVSD,monkeyN,V4,0.68103028,0.06960265,0.43556704,0.00454587,0.24989134,0.30388363
MODEL_A,layer3-0,TVSD,monkeyN,V1,0.69596748,0.07054884,0.45885046,0.00471535,0.1977494,0.34109384
MODEL_A,layer3-5,TVSD,monkeyF,IT,0.65289244,0.06769511,0.4042174,0.00434677,0.23977535,0.24697532
MODEL_A,layer3-5,TVSD,monkeyF,V4,0.60637619,0.06180972,0.22049444,0.00229212,0.17324917,0.22897073
MODEL_A,layer3-5,TVSD,monkeyF,V1,0.63274399,0.06513188,0.36496432,0.0038632,0.13313831,0.22260951
MODEL_A,layer3-5,TVSD,monkeyN,IT,0.69249806,0.07086108,0.45940814,0.00480821,0.15521961,0.15484572
MODEL_A,layer3-5,TVSD,monkeyN,V4,0.71442516,0.07303441,0.47803413,0.00499627,0.19523977,0.27778918
MODEL_A,layer3-5,TVSD,monkeyN,V1,0.68918993,0.06985956,0.42890289,0.00440726,0.12986936,0.24269936
MODEL_A,layer3-10,TVSD,monkeyF,IT,0.6744768,0.06990918,0.42926481,0.00461079,0.25484894,0.26457658
MODEL_A,layer3-10,TVSD,monkeyF,V4,0.59589552,0.06073599,0.22752811,0.00236526,0.17047529,0.21576194
MODEL_A,layer3-10,TVSD,monkeyF,V1,0.60729881,0.06249821,0.33526811,0.00354666,0.09492353,0.1619334
MODEL_A,layer3-10,TVSD,monkeyN,IT,0.70818153,0.07245843,0.48538445,0.00507869,0.1408186,0.16515803
MODEL_A,layer3-10,TVSD,monkeyN,V4,0.71153726,0.07272262,0.47678301,0.00498019,0.18399703,0.24877049
MODEL_A,layer3-10,TVSD,monkeyN,V1,0.67535594,0.06845885,0.3960394,0.00406991,0.09961283,0.17054701
MODEL_A,layer3-15,TVSD,monkeyF,IT,0.58261086,0.06040823,0.20349032,0.00219272,0.23198461,0.27396602
MODEL_A,layer3-15,TVSD,monkeyF,V4,0.59725134,0.06086912,0.22561893,0.00234625,0.12897926,0.185882
MODEL_A,layer3-15,TVSD,monkeyF,V1,0.59068717,0.0607826,0.32157379,0.00340118,0.0703524,0.13836069
MODEL_A,layer3-15,TVSD,monkeyN,IT,0.66090862,0.06765788,0.28221059,0.00296218,0.13506425,0.18490348
MODEL_A,layer3-15,TVSD,monkeyN,V4,0.70721131,0.07228198,0.47758212,0.00498938,0.14538492,0.2260977
MODEL_A,layer3-15,TVSD,monkeyN,V1,0.65503022,0.06640115,0.38461696,0.00395276,0.07102404,0.14166478
MODEL_A,layer3-20,TVSD,monkeyF,IT,0.69535296,0.07209019,0.46416976,0.00498803,0.23936651,0.29276754
MODEL_A,layer3-20,TVSD,monkeyF,V4,0.59912227,0.06107728,0.23934144,0.00249096,0.13251899,0.19371351
MODEL_A,layer3-20,TVSD,monkeyF,V1,0.5774069,0.05941385,0.30754529,0.00325164,0.0719004,0.12899251
MODEL_A,layer3-20,TVSD,monkeyN,IT,0.66224662,0.06778679,0.29447493,0.00309018,0.1366243,0.19187707
MODEL_A,layer3-20,TVSD,monkeyN,V4,0.69418144,0.07094292,0.468012,0.00488839,0.15045751,0.23462396
MODEL_A,layer3-20,TVSD,monkeyN,V1,0.64482546,0.06536326,0.36494807,0.00374994,0.07258236,0.1306149
MODEL_A,layer3-25,TVSD,monkeyF,IT,0.70126719,0.07269386,0.47073941,0.00505634,0.24584285,0.30051142
MODEL_A,layer3-25,TVSD,monkeyF,V4,0.59012033,0.06013386,0.23028566,0.00239429,0.12195834,0.1910614
MODEL_A,layer3-25,TVSD,monkeyF,V1,0.56799986,0.05843215,0.29557386,0.00312417,0.0672759,0.12435245
MODEL_A,layer3-25,TVSD,monkeyN,IT,0.66204584,0.06775654,0.29430816,0.00308757,0.14117182,0.20320037
MODEL_A,layer3-25,TVSD,monkeyN,V4,0.69016549,0.07054737,0.4636683,0.004846,0.13666536,0.22983169
MODEL_A,layer3-25,TVSD,monkeyN,V1,0.63097122,0.06395041,0.35342544,0.00363013,0.06551134,0.12469465
MODEL_A,layer3-30,TVSD,monkeyF,IT,0.70159048,0.07274575,0.46471229,0.0049968,0.23615014,0.27825507
MODEL_A,layer3-30,TVSD,monkeyF,V4,0.5789199,0.05899411,0.21026336,0.00218743,0.12302521,0.19094729
MODEL_A,layer3-30,TVSD,monkeyF,V1,0.58212542,0.05989124,0.30091769,0.00318056,0.073606,0.14134242
MODEL_A,layer3-30,TVSD,monkeyN,IT,0.7292174,0.0746086,0.52432162,0.0054833,0.13771357,0.17838512
MODEL_A,layer3-30,TVSD,monkeyN,V4,0.68969841,0.07050163,0.45313128,0.00473734,0.13912994,0.22650611
MODEL_A,layer3-30,TVSD,monkeyN,V1,0.62320518,0.06317268,0.35017142,0.00359884,0.07293797,0.14020599
MODEL_A,layer4-1,TVSD,monkeyF,IT,0.65818137,0.06815092,0.43012547,0.00459216,0.29047199,0.26997353
MODEL_A,layer4-1,TVSD,monkeyF,V4,0.60746715,0.06187041,0.3666386,0.00378119,0.1495838,0.15582596
MODEL_A,layer4-1,TVSD,monkeyF,V1,0.48333416,0.04967913,0.22867242,0.0023949,0.08549923,0.10534607
MODEL_A,layer4-1,TVSD,monkeyN,IT,0.70691731,0.07229233,0.50149701,0.00522684,0.15599554,0.15746184
MODEL_A,layer4-1,TVSD,monkeyN,V4,0.62812993,0.0641866,0.40047,0.00417505,0.1569272,0.18349158
MODEL_A,layer4-1,TVSD,monkeyN,V1,0.58295641,0.05907982,0.32783966,0.00336643,0.07215402,0.10502722
MODEL_B,language_model-layers-3,TVSD,monkeyF,IT,0.00953272,0.0009886,-56.9542616,-0.64397198,0.0841684,0.16471421
MODEL_B,language_model-layers-3,TVSD,monkeyF,V4,-0.00031302,2.81e-06,-34.71390844,-0.38315601,0.05183978,0.09814963
MODEL_B,language_model-layers-3,TVSD,monkeyF,V1,0.00656127,0.00065318,-43.28321269,-0.48011337,0.03389231,0.04249518
MODEL_B,language_model-layers-3,TVSD,monkeyN,IT,0.01294291,0.00131798,-40.39663059,-0.44907435,0.05094016,0.08650177
MODEL_B,language_model-layers-3,TVSD,monkeyN,V4,0.00041901,3.806e-05,-42.44559108,-0.46024179,0.05156836,0.11370834
MODEL_B,language_model-layers-3,TVSD,monkeyN,V1,0.01032944,0.0010563,-27.41594058,-0.28854112,0.03900081,0.05686213
MODEL_B,language_model-layers-8,TVSD,monkeyF,IT,0.00711461,0.00076818,-51.66949624,-0.58564224,0.09641471,0.1640933
MODEL_B,language_model-layers-8,TVSD,monkeyF,V4,0.00240597,0.00026201,-31.08906608,-0.3426353,0.05385469,0.09251375
MODEL_B,language_model-layers-8,TVSD,monkeyF,V1,-0.00430951,-0.00045014,-37.42050504,-0.41436203,0.03363165,0.04740991
MODEL_B,language_model-layers-8,TVSD,monkeyN,IT,0.00124066,0.00014196,-35.7443525,-0.39687905,0.0601303,0.08199923
MODEL_B,language_model-layers-8,TVSD,monkeyN,V4,-0.00103619,-0.00012973,-38.28707267,-0.41600916,0.05650098,0.10886775
MODEL_B,language_model-layers-8,TVSD,monkeyN,V1,0.0068003,0.00068846,-24.08359023,-0.25327888,0.04159971,0.06469481
MODEL_B,language_model-layers-11,TVSD,monkeyF,IT,-0.00657958,-0.00065316,-100.57016813,-1.13750073,0.09093169,0.16707147
MODEL_B,language_model-layers-11,TVSD,monkeyF,V4,-0.00717443,-0.00072344,-60.45097419,-0.66807245,0.05282527,0.09705765
MODEL_B,language_model-layers-11,TVSD,monkeyF,V1,0.00232517,0.00025316,-75.91600208,-0.84269237,0.02004485,0.03746853
MODEL_B,language_model-layers-11,TVSD,monkeyN,IT,0.01306879,0.00131328,-68.36726501,-0.75684689,0.05144199,0.09060229
MODEL_B,language_model-layers-11,TVSD,monkeyN,V4,0.01022934,0.00104349,-74.45774897,-0.80954272,0.05485118,0.10881022
MODEL_B,language_model-layers-11,TVSD,monkeyN,V1,0.00642975,0.00065865,-47.2205904,-0.49667445,0.02936424,0.05396842
MODEL_B,language_model-layers-16,TVSD,monkeyF,IT,-0.00357877,-0.00039565,-302.24666723,-3.42914594,0.09189265,0.14870912
MODEL_B,language_model-layers-16,TVSD,monkeyF,V4,0.01528924,0.00156728,-173.87350469,-1.91129097,0.0606425,0.08516486
MODEL_B,language_model-layers-16,TVSD,monkeyF,V1,-0.00010025,-5.84e-06,-217.6768091,-2.41569657,0.02261883,0.04271118
MODEL_B,language_model-layers-16,TVSD,monkeyN,IT,0.00841265,0.00086243,-204.13093714,-2.26441759,0.04738882,0.07569054
MODEL_B,language_model-layers-16,TVSD,monkeyN,V4,0.00036661,4.575e-05,-218.00235446,-2.36388762,0.06124223,0.09641591
MODEL_B,language_model-layers-16,TVSD,monkeyN,V1,0.00047403,3.091e-05,-142.26726738,-1.49954297,0.02489672,0.05616277
MODEL_B,visual-blocks-2,TVSD,monkeyF,IT,0.37926007,0.03929238,0.12409986,0.00132403,0.07604547,0.07866373
MODEL_B,visual-blocks-2,TVSD,monkeyF,V4,0.47154262,0.04804079,0.18231024,0.00189123,0.04479164,0.07353748
MODEL_B,visual-blocks-2,TVSD,monkeyF,V1,0.53033546,0.05458608,0.23505495,0.00248961,0.12379311,0.17875692
MODEL_B,visual-blocks-2,TVSD,monkeyN,IT,0.42143038,0.04300492,0.13831877,0.00143537,0.04525367,0.02326724
MODEL_B,visual-blocks-2,TVSD,monkeyN,V4,0.46713245,0.04772356,0.17259843,0.00179946,0.04645708,0.06750055
MODEL_B,visual-blocks-2,TVSD,monkeyN,V1,0.54841202,0.05559552,0.24020498,0.00247078,0.08153297,0.13863065
MODEL_B,visual-blocks-6,TVSD,monkeyF,IT,0.46729786,0.04836873,0.18299626,0.00195786,0.10804838,0.09710397
MODEL_B,visual-blocks-6,TVSD,monkeyF,V4,0.54628114,0.05562437,0.23719589,0.00245091,0.06751867,0.08947326
MODEL_B,visual-blocks-6,TVSD,monkeyF,V1,0.64280531,0.06610512,0.40782002,0.00429492,0.12955074,0.17310662
MODEL_B,visual-blocks-6,TVSD,monkeyN,IT,0.59188624,0.06044109,0.25166209,0.00262438,0.05124799,0.03947843
MODEL_B,visual-blocks-6,TVSD,monkeyN,V4,0.52915105,0.05403069,0.22363027,0.00232731,0.06208848,0.07880598
MODEL_B,visual-blocks-6,TVSD,monkeyN,V1,0.69037291,0.06995696,0.45991836,0.00472067,0.08138514,0.12397615
MODEL_B,visual-blocks-10,TVSD,monkeyF,IT,0.2622954,0.02706338,-0.10734648,-0.00130806,0.08167841,0.01324162
MODEL_B,visual-blocks-10,TVSD,monkeyF,V4,0.34395448,0.0349579,0.00111564,-0.00012554,0.03559647,0.00988062
MODEL_B,visual-blocks-10,TVSD,monkeyF,V1,0.4828294,0.04953583,0.1318305,0.00126512,0.09250792,0.04971352
MODEL_B,visual-blocks-10,TVSD,monkeyN,IT,0.32788958,0.03334739,-0.03736926,-0.00055689,0.03547001,-0.00462135
MODEL_B,visual-blocks-10,TVSD,monkeyN,V4,0.29980934,0.03055471,-0.04014235,-0.00051386,0.04057962,0.00876743
MODEL_B,visual-blocks-10,TVSD,monkeyN,V1,0.50975796,0.05160621,0.23191013,0.00234528,0.04036425,0.0135579
MODEL_B,visual-blocks-14,TVSD,monkeyF,IT,0.44366961,0.04583679,0.13575892,0.00135756,0.09713059,0.01189422
MODEL_B,visual-blocks-14,TVSD,monkeyF,V4,0.45863184,0.04661005,0.16081575,0.00156962,0.03614812,0.00502648
MODEL_B,visual-blocks-14,TVSD,monkeyF,V1,0.30726106,0.03149846,-0.03503361,-0.0004794,0.06378104,0.03211242
MODEL_B,visual-blocks-14,TVSD,monkeyN,IT,0.55122928,0.05623237,0.26419915,0.00266803,0.04076883,0.00044992
MODEL_B,visual-blocks-14,TVSD,monkeyN,V4,0.46810983,0.04779338,0.17204345,0.00173635,0.03870904,0.00756145
MODEL_B,visual-blocks-14,TVSD,monkeyN,V1,0.40819224,0.04134884,0.14580596,0.00148037,0.03054091,0.00110694
MODEL_B,visual-blocks-18,TVSD,monkeyF,IT,0.46671297,0.04815522,0.11987953,0.00113672,0.10859524,0.02829165
MODEL_B,visual-blocks-18,TVSD,monkeyF,V4,0.41189193,0.0418243,-0.14137819,-0.00180681,0.04138577,0.0104529
MODEL_B,visual-blocks-18,TVSD,monkeyF,V1,0.40389575,0.04145927,0.12061264,0.00121893,0.05674943,0.03475623
MODEL_B,visual-blocks-18,TVSD,monkeyN,IT,0.51406935,0.05236581,0.08163552,0.00059916,0.05257291,0.01030159
MODEL_B,visual-blocks-18,TVSD,monkeyN,V4,0.49061606,0.05005039,0.18430188,0.00184946,0.04925225,0.01725683
MODEL_B,visual-blocks-18,TVSD,monkeyN,V1,0.46290009,0.04688169,0.21092572,0.00215418,0.03377005,0.00592375
MODEL_B,visual-blocks-22,TVSD,monkeyF,IT,0.06493607,0.00663239,-92.04404559,-1.04061061,0.11341868,0.06753213
MODEL_B,visual-blocks-22,TVSD,monkeyF,V4,0.09255963,0.00940039,-56.12103794,-0.61774503,0.06372659,0.02898113
MODEL_B,visual-blocks-22,TVSD,monkeyF,V1,0.27508961,0.02816856,-0.906541,-0.01021892,0.04728834,0.03935541
MODEL_B,visual-blocks-22,TVSD,monkeyN,IT,0.09195281,0.00931869,-65.92929454,-0.73289391,0.05951035,0.03099749
MODEL_B,visual-blocks-22,TVSD,monkeyN,V4,0.074455,0.00755321,-68.20636594,-0.74048082,0.07257267,0.04237053
MODEL_B,visual-blocks-22,TVSD,monkeyN,V1,0.29849017,0.03018286,-0.57329178,-0.00610969,0.03482454,0.01589493
MODEL_A,layer1-0,EEG2,sub-01,occipital_parietal,0.11547244,-66.29315863,0.01757839,-1085969.5862856,0.04000618,0.00294017
MODEL_A,layer1-0,EEG2,sub-02,occipital_parietal,0.13281567,45.05357556,0.02021215,-209420.40026123,0.06158929,0.05793416
MODEL_A,layer1-0,EEG2,sub-03,occipital_parietal,0.16213834,1.41398114,0.03616455,-522988.62699702,0.04679635,0.1415512
MODEL_A,layer1-0,EEG2,sub-04,occipital_parietal,0.08008999,-21.60024451,-0.00076246,-279867.12683012,0.05955815,0.01582954
MODEL_A,layer1-0,EEG2,sub-05,occipital_parietal,0.1600964,-101.05710267,0.04061611,-1540586.25746952,0.15157043,0.1778737
MODEL_A,layer1-0,EEG2,sub-06,occipital_parietal,0.20034685,-13.08767687,0.05573194,-450535.37283215,0.03752774,0.13661618
MODEL_A,layer1-0,EEG2,sub-07,occipital_parietal,0.18499594,61.47352379,0.04375074,-452309.27082975,0.07195123,0.13884779
MODEL_A,layer1-0,EEG2,sub-08,occipital_parietal,0.13541642,-10.53672891,0.00360345,-723229.60062064,0.09195371,0.12275162
MODEL_A,layer1-0,EEG2,sub-09,occipital_parietal,0.13827677,52.79997371,0.02323765,-330802.89191964,0.07547628,0.04714758
MODEL_A,layer1-0,EEG2,sub-10,occipital_parietal,0.22760628,20.32131389,0.06444992,-326433.0242681,0.0112219,0.13476499
MODEL_A,layer2-0,EEG2,sub-01,occipital_parietal,0.10856909,-71.16581627,-0.00657069,-2405558.0047364,0.0604891,0.00390392
MODEL_A,layer2-0,EEG2,sub-02,occipital_parietal,0.14312594,28.10519854,0.01505939,-379183.58445151,0.1066083,0.07097574
MODEL_A,layer2-0,EEG2,sub-03,occipital_parietal,0.16324351,-2.97004396,0.02659479,-905144.15411139,0.09892804,0.1580113
MODEL_A,layer2-0,EEG2,sub-04,occipital_parietal,0.12763058,-24.96711759,0.00159752,-872792.37897555,0.09326405,0.01726497
MODEL_A,layer2-0,EEG2,sub-05,occipital_parietal,0.19904541,124.7491045,0.0475299,-1307305.56815055,0.17346189,0.21322527
MODEL_A,layer2-0,EEG2,sub-06,occipital_parietal,0.14348887,-22.14122433,0.01547626,-883007.06401468,0.10934956,0.17675357
MODEL_A,layer2-0,EEG2,sub-07,occipital_parietal,0.17100886,24.24360825,0.02852424,-990801.73759978,0.11520679,0.1745396
MODEL_A,layer2-0,EEG2,sub-08,occipital_parietal,0.1606225,9.10876192,0.00606526,-625147.79138784,0.12670219,0.1386643
MODEL_A,layer2-0,EEG2,sub-09,occipital_parietal,0.12888842,76.75785606,-0.00298508,-877050.36498223,0.11535952,0.05730586
MODEL_A,layer2-0,EEG2,sub-10,occipital_parietal,0.23474342,92.96297172,0.05667376,-272991.31776822,0.09270419,0.15150889
MODEL_A,layer3-0,EEG2,sub-01,occipital_parietal,0.16624993,49.00015361,0.0311447,-1213860.39964737,0.07599823,0.00303784
MODEL_A,layer3-0,EEG2,sub-02,occipital_parietal,0.13916072,24.36239566,-0.03889086,-1174247.69511932,0.14005888,0.08669828
MODEL_A,layer3-0,EEG2,sub-03,occipital_parietal,0.21185895,-56.85318643,0.00023762,-2265002.86494747,0.15711174,0.16967844
MODEL_A,layer3-0,EEG2,sub-04,occipital_parietal,0.14386548,-29.98023498,0.00879064,-826405.04799132,0.07116683,0.02580983
MODEL_A,layer3-0,EEG2,sub-05,occipital_parietal,0.22929069,45.50633033,0.00959016,-5164661.50092221,0.2097009,0.24084953
MODEL_A,layer3-0,EEG2,sub-06,occipital_parietal,0.29094423,60.84229306,0.0653971,-1086778.31468625,0.19958087,0.19980519
MODEL_A,layer3-0,EEG2,sub-07,occipital_parietal,0.24769791,142.55080967,0.04510071,-2026450.40104628,0.18714014,0.23529856
MODEL_A,layer3-0,EEG2,sub-08,occipital_parietal,0.21521955,27.48597005,-0.03402475,-1786911.03815177,0.17912191,0.16260882
MODEL_A,layer3-0,EEG2,sub-09,occipital_parietal,0.18915551,86.65296357,-0.00922189,-2095310.0180021,0.16549488,0.08338405
MODEL_A,layer3-0,EEG2,sub-10,occipital_parietal,0.31413514,95.949537,0.08337059,-1152252.29918725,0.16381116,0.1885697
MODEL_A,layer3-5,EEG2,sub-01,occipital_parietal,0.17997516,55.51897038,0.04367623,-629308.08450053,0.05492374,-0.00313269
MODEL_A,layer3-5,EEG2,sub-02,occipital_parietal,0.12960857,17.12033331,0.01655863,-180861.41945569,0.0995948,0.0775696
MODEL_A,layer3-5,EEG2,sub-03,occipital_parietal,0.24769094,-16.10880168,0.04131226,-1758384.53871335,0.09552292,0.14250622
MODEL_A,layer3-5,EEG2,sub-04,occipital_parietal,0.16877601,-10.56676741,0.02237438,-564447.32339691,0.07821991,0.02429836
MODEL_A,layer3-5,EEG2,sub-05,occipital_parietal,0.23308947,68.33103191,0.03404194,-4087199.11347804,0.16937073,0.19596349
MODEL_A,layer3-5,EEG2,sub-06,occipital_parietal,0.28512405,52.09880383,0.07585613,-982375.6163522,0.11468264,0.17559109
MODEL_A,layer3-5,EEG2,sub-07,occipital_parietal,0.22014662,104.93753559,0.0545434,-277760.37863823,0.15333452,0.20752831
MODEL_A,layer3-5,EEG2,sub-08,occipital_parietal,0.22342402,8.20535133,-0.00198015,-1439511.13402533,0.11134829,0.14929288
MODEL_A,layer3-5,EEG2,sub-09,occipital_parietal,0.15852473,70.83393965,0.02834291,-230457.31815774,0.15619191,0.08538002
MODEL_A,layer3-5,EEG2,sub-10,occipital_parietal,0.26724139,47.35654221,0.07633327,-262742.51026189,0.10958369,0.17373644
MODEL_A,layer3-10,EEG2,sub-01,occipital_parietal,0.1591654,-8.06475284,0.03232976,-1089663.2796598,0.05078326,-0.0004522
MODEL_A,layer3-10,EEG2,sub-02,occipital_parietal,0.11490867,10.16732658,0.00785322,-283986.23075127,0.09567246,0.07093195
MODEL_A,layer3-10,EEG2,sub-03,occipital_parietal,0.22575444,5.21062042,0.05397019,-394013.67788313,0.08518556,0.11914267
MODEL_A,layer3-10,EEG2,sub-04,occipital_parietal,0.16449605,-20.35361749,0.02301664,-574993.24434176,0.0834177,0.01755504
MODEL_A,layer3-10,EEG2,sub-05,occipital_parietal,0.22836485,-2.41327793,0.01388635,-5307286.05890386,0.1510243,0.15665377
MODEL_A,layer3-10,EEG2,sub-06,occipital_parietal,0.26221345,47.01023921,0.07696786,-132791.64145409,0.10870942,0.15119364
MODEL_A,layer3-10,EEG2,sub-07,occipital_parietal,0.22312116,122.28381066,0.06038818,-112797.90117527,0.14741478,0.19661314
MODEL_A,layer3-10,EEG2,sub-08,occipital_parietal,0.21211063,13.8769358,0.04361783,-334907.67640166,0.10945307,0.13701612
MODEL_A,layer3-10,EEG2,sub-09,occipital_parietal,0.15143703,42.65157088,0.0252201,-393830.73226092,0.18798675,0.08656222
MODEL_A,layer3-10,EEG2,sub-10,occipital_parietal,0.28500129,52.87320826,0.0810056,-271026.45941505,0.09977745,0.15552796
MODEL_A,layer3-15,EEG2,sub-01,occipital_parietal,0.17738376,23.89694362,0.04702279,-644625.97929182,0.03582399,0.00232999
MODEL_A,layer3-15,EEG2,sub-02,occipital_parietal,0.13537638,8.15714246,0.01944818,-277586.2607713,0.10640511,0.07679118
MODEL_A,layer3-15,EEG2,sub-03,occipital_parietal,0.20961879,-10.03805763,0.05208573,-456717.60244679,0.04835302,0.11591998
MODEL_A,layer3-15,EEG2,sub-04,occipital_parietal,0.19283922,-16.9696005,0.04087682,-518461.11403161,0.06207464,0.0190296
MODEL_A,layer3-15,EEG2,sub-05,occipital_parietal,0.22328182,74.11425618,0.05255216,-1055062.96379428,0.12957298,0.15590197
MODEL_A,layer3-15,EEG2,sub-06,occipital_parietal,0.27299108,48.00697631,0.08193854,-125964.32145758,0.11018473,0.16353425
MODEL_A,layer3-15,EEG2,sub-07,occipital_parietal,0.24850581,110.31329924,0.07178802,-259440.10539041,0.13441578,0.19684513
MODEL_A,layer3-15,EEG2,sub-08,occipital_parietal,0.21658731,53.58702621,0.05035509,-307053.97539709,0.09036349,0.14305415
MODEL_A,layer3-15,EEG2,sub-09,occipital_parietal,0.20955697,108.91080609,0.0541223,-27228.14232356,0.1774162,0.09614825
MODEL_A,layer3-15,EEG2,sub-10,occipital_parietal,0.26848171,-14.07352919,0.08198412,-542850.66622432,0.09639271,0.17684323
MODEL_A,layer3-20,EEG2,sub-01,occipital_parietal,0.16813933,-8.05191838,0.04030328,-908004.47983823,0.03627109,0.00177714
MODEL_A,layer3-20,EEG2,sub-02,occipital_parietal,0.15503986,37.16798034,0.02652877,-184159.37345121,0.09116622,0.07300514
MODEL_A,layer3-20,EEG2,sub-03,occipital_parietal,0.21313399,13.24219417,0.04903405,-454951.21661269,0.05708464,0.10448837
MODEL_A,layer3-20,EEG2,sub-04,occipital_parietal,0.20745299,20.44135593,0.04629159,-359744.80476575,0.07289784,0.01663671
MODEL_A,layer3-20,EEG2,sub-05,occipital_parietal,0.24252203,184.06723845,0.06155083,-477177.23417423,0.13024538,0.14285407
MODEL_A,layer3-20,EEG2,sub-06,occipital_parietal,0.29101803,42.96838271,0.08698691,-177934.07201397,0.09029805,0.15708493
MODEL_A,layer3-20,EEG2,sub-07,occipital_parietal,0.23599566,83.03359264,0.06883929,-322134.70311197,0.1445045,0.18805222
MODEL_A,layer3-20,EEG2,sub-08,occipital_parietal,0.22045733,42.71053693,0.05056113,-190605.69058067,0.09929372,0.13933423
MODEL_A,layer3-20,EEG2,sub-09,occipital_parietal,0.20100177,46.69494114,0.0448645,-352303.34355483,0.18688333,0.09414552
MODEL_A,layer3-20,EEG2,sub-10,occipital_parietal,0.32130352,-10.14860897,0.08450694,-2379334.2726951,0.0733993,0.15847547
MODEL_A,layer3-25,EEG2,sub-01,occipital_parietal,0.18784637,14.64011706,0.04536625,-1028035.18920564,0.03651256,0.00283127
MODEL_A,layer3-25,EEG2,sub-02,occipital_parietal,0.15313791,-20.2998823,0.02187998,-672533.08987164,0.07984649,0.07686713
MODEL_A,layer3-25,EEG2,sub-03,occipital_parietal,0.22482652,-9.6973086,0.05442767,-650478.83279383,0.04689485,0.10883177
MODEL_A,layer3-25,EEG2,sub-04,occipital_parietal,0.21388312,23.76916823,0.04114885,-563152.70571818,0.07737248,0.01695872
MODEL_A,layer3-25,EEG2,sub-05,occipital_parietal,0.23618238,109.00605421,0.05902596,-903175.9215359,0.12994903,0.14371235
MODEL_A,layer3-25,EEG2,sub-06,occipital_parietal,0.29479671,81.46247149,0.08931821,-12011.75467811,0.10249229,0.16569403
MODEL_A,layer3-25,EEG2,sub-07,occipital_parietal,0.24652309,84.60165339,0.07168927,-341978.25349257,0.13073252,0.1890794
MODEL_A,layer3-25,EEG2,sub-08,occipital_parietal,0.20601143,53.91428782,0.04064113,-226762.53094294,0.08769997,0.14310257
MODEL_A,layer3-25,EEG2,sub-09,occipital_parietal,0.23256581,84.87090494,0.05833824,-212582.02200117,0.18271484,0.0935263
MODEL_A,layer3-25,EEG2,sub-10,occipital_parietal,0.28926351,-25.15303198,0.09029498,-543625.0712942,0.08494368,0.17121435
MODEL_A,layer3-30,EEG2,sub-01,occipital_parietal,0.20412418,50.74407767,0.05041354,-795429.36012791,0.03219913,0.00353398
MODEL_A,layer3-30,EEG2,sub-02,occipital_parietal,0.15319378,2.94648383,0.02291643,-413134.19275432,0.08198476,0.07689706
MODEL_A,layer3-30,EEG2,sub-03,occipital_parietal,0.21425921,-29.43285716,0.0472139,-590146.85567312,0.05192164,0.10983616
MODEL_A,layer3-30,EEG2,sub-04,occipital_parietal,0.21292913,18.31647572,0.0421783,-592571.60710164,0.08357365,0.01647947
MODEL_A,layer3-30,EEG2,sub-05,occipital_parietal,0.25324628,153.16634891,0.06372406,-911385.25242023,0.14131689,0.14438579
MODEL_A,layer3-30,EEG2,sub-06,occipital_parietal,0.31074519,48.84427662,0.0837673,-1211980.82892351,0.12759411,0.16732449
MODEL_A,layer3-30,EEG2,sub-07,occipital_parietal,0.24308714,112.48441211,0.0667353,-316956.12592634,0.12614892,0.19143077
MODEL_A,layer3-30,EEG2,sub-08,occipital_parietal,0.20763676,49.77275952,0.04522146,-225765.74293666,0.10216626,0.14487748
MODEL_A,layer3-30,EEG2,sub-09,occipital_parietal,0.1965442,65.19988287,0.04247011,-358528.6285491,0.17528936,0.09101833
MODEL_A,layer3-30,EEG2,sub-10,occipital_parietal,0.34581023,22.14049425,0.11087935,-2108858.59904647,0.10898347,0.17729266
MODEL_A,layer4-1,EEG2,sub-01,occipital_parietal,0.1380699,-30.59047809,-0.02534999,-3606997.51069526,0.03537183,0.00756668
MODEL_A,layer4-1,EEG2,sub-02,occipital_parietal,0.12402969,39.13016165,-0.0717015,-1150871.62044882,0.126684,0.08132211
MODEL_A,layer4-1,EEG2,sub-03,occipital_parietal,0.2454474,31.95971472,-0.06861183,-3182666.90288807,0.08621028,0.11312806
MODEL_A,layer4-1,EEG2,sub-04,occipital_parietal,0.18588467,53.34013471,-0.04347185,-1727400.74551492,0.04163528,0.02075177
MODEL_A,layer4-1,EEG2,sub-05,occipital_parietal,0.2279635,111.35546282,-0.17604291,-13891260.07492786,0.10468502,0.14788824
MODEL_A,layer4-1,EEG2,sub-06,occipital_parietal,0.24254333,32.03306767,-0.10191448,-3702790.51788119,0.1578574,0.16575673
MODEL_A,layer4-1,EEG2,sub-07,occipital_parietal,0.20817624,52.2692929,0.02170563,-2315108.56525428,0.12737328,0.17389983
MODEL_A,layer4-1,EEG2,sub-08,occipital_parietal,0.21920486,34.75235724,-0.16194747,-4059810.74232189,0.11688784,0.1418738
MODEL_A,layer4-1,EEG2,sub-09,occipital_parietal,0.16567704,8.31143888,-0.17694869,-5948225.8772279,0.12684276,0.09005475
MODEL_A,layer4-1,EEG2,sub-10,occipital_parietal,0.29922482,-7.25276437,-0.06001676,-5167756.38626277,0.14068573,0.17543316
MODEL_B,language_model-layers-3,EEG2,sub-01,occipital_parietal,0.0067777,1.79599528,-0.34733898,-12702086.43556454,0.03795935,0.00787086
MODEL_B,language_model-layers-3,EEG2,sub-02,occipital_parietal,-0.00162053,4.2051709,-0.92037733,-12079043.12888678,0.0216611,0.05167939
MODEL_B,language_model-layers-3,EEG2,sub-03,occipital_parietal,0.00578686,6.64681447,-0.75680736,-15539963.6282404,-0.00319542,0.0733863
MODEL_B,language_model-layers-3,EEG2,sub-04,occipital_parietal,0.00122188,2.37251049,-0.57655294,-11451977.18362515,0.01805995,0.01007288
MODEL_B,language_model-layers-3,EEG2,sub-05,occipital_parietal,0.00242813,5.08613834,-1.68311286,-68423233.15455028,0.037353,0.09237178
MODEL_B,language_model-layers-3,EEG2,sub-06,occipital_parietal,0.00445307,4.54683099,-1.94146104,-31246679.1572256,0.10869286,0.1114435
MODEL_B,language_model-layers-3,EEG2,sub-07,occipital_parietal,0.00672657,7.94911196,-0.52336895,-15326649.81855117,0.09935893,0.14201974
MODEL_B,language_model-layers-3,EEG2,sub-08,occipital_parietal,0.0029456,2.80603183,-0.72428547,-10966118.38174393,0.05638122,0.09316061
MODEL_B,language_model-layers-3,EEG2,sub-09,occipital_parietal,0.00429676,6.46929578,-1.31394626,-32513628.66416494,0.06291089,0.06394887
MODEL_B,language_model-layers-3,EEG2,sub-10,occipital_parietal,0.00721407,-5.39976694,-0.7583052,-14612787.19720416,0.09780103,0.12267704
MODEL_B,language_model-layers-8,EEG2,sub-01,occipital_parietal,0.00257605,5.20019536,-0.31669851,-11307080.23542955,0.03880275,0.00703355
MODEL_B,language_model-layers-8,EEG2,sub-02,occipital_parietal,0.00179519,-5.89740612,-0.83288981,-11273537.05868024,-0.00411197,0.05174457
MODEL_B,language_model-layers-8,EEG2,sub-03,occipital_parietal,0.00540299,-4.26841897,-0.68197751,-14300453.4997649,0.00068623,0.0725977
MODEL_B,language_model-layers-8,EEG2,sub-04,occipital_parietal,0.00418979,-0.24009603,-0.50744332,-10099025.62378003,0.01035854,0.01039586
MODEL_B,language_model-layers-8,EEG2,sub-05,occipital_parietal,0.00038849,-12.8359456,-1.52365802,-62222840.75222044,0.03724988,0.09487099
MODEL_B,language_model-layers-8,EEG2,sub-06,occipital_parietal,0.00534293,-4.25968427,-1.72619152,-27727095.26135157,0.11352239,0.11392275
MODEL_B,language_model-layers-8,EEG2,sub-07,occipital_parietal,0.00498387,12.54544567,-0.46787508,-13639364.21667445,0.1029972,0.13185647
MODEL_B,language_model-layers-8,EEG2,sub-08,occipital_parietal,0.00506278,-4.48619417,-0.63957392,-9828760.33516392,0.05350599,0.0894821
MODEL_B,language_model-layers-8,EEG2,sub-09,occipital_parietal,-0.00107443,-7.66336735,-1.17798976,-29809797.51839999,0.0768405,0.0669724
MODEL_B,language_model-layers-8,EEG2,sub-10,occipital_parietal,0.00998321,-6.29594895,-0.65742444,-12798804.86578877,0.07872585,0.12362094
MODEL_B,language_model-layers-11,EEG2,sub-01,occipital_parietal,0.00451774,-4.85611729,-0.60162156,-22025991.94798076,0.03302979,0.00615013
MODEL_B,language_model-layers-11,EEG2,sub-02,occipital_parietal,0.00254418,2.87240078,-1.56794682,-20554820.30290961,0.02720915,0.04731462
MODEL_B,language_model-layers-11,EEG2,sub-03,occipital_parietal,0.00024859,0.64060439,-1.30628508,-26623343.97041561,0.03059339,0.0713489
MODEL_B,language_model-layers-11,EEG2,sub-04,occipital_parietal,0.00542305,-2.67106416,-0.96142189,-19423426.36627083,0.0127345,0.01146526
MODEL_B,language_model-layers-11,EEG2,sub-05,occipital_parietal,0.00105454,0.66375813,-2.89459801,-117295555.25933181,0.04917121,0.09633915
MODEL_B,language_model-layers-11,EEG2,sub-06,occipital_parietal,0.00471121,-0.92011062,-3.30561866,-53796728.65472188,0.15274322,0.11752983
MODEL_B,language_model-layers-11,EEG2,sub-07,occipital_parietal,0.00527472,-19.90927178,-0.9004991,-26987071.31448953,0.13217073,0.13056115
MODEL_B,language_model-layers-11,EEG2,sub-08,occipital_parietal,0.00497687,-0.87227918,-1.23199996,-18554197.58702571,0.10999721,0.08698998
MODEL_B,language_model-layers-11,EEG2,sub-09,occipital_parietal,0.00282894,7.6607161,-2.22530633,-55221779.22757109,0.09334955,0.06542932
MODEL_B,language_model-layers-11,EEG2,sub-10,occipital_parietal,0.01347348,4.16220051,-1.26676363,-23889941.46461011,0.10289261,0.11661977
MODEL_B,language_model-layers-16,EEG2,sub-01,occipital_parietal,0.00291071,-6.43549561,-1.78531328,-65205225.46988374,0.04376931,0.00780321
MODEL_B,language_model-layers-16,EEG2,sub-02,occipital_parietal,0.00339468,-3.14597884,-4.6509586,-61559073.24254721,0.02657412,0.05126329
MODEL_B,language_model-layers-16,EEG2,sub-03,occipital_parietal,0.00455568,3.9467118,-3.87341066,-78283380.81437661,0.02245617,0.06311663
MODEL_B,language_model-layers-16,EEG2,sub-04,occipital_parietal,0.00698291,2.85244282,-2.88909255,-58235329.95891629,-0.00215893,0.01244507
MODEL_B,language_model-layers-16,EEG2,sub-05,occipital_parietal,-0.00058138,-6.47603889,-8.68009378,-353944104.5360854,0.03972882,0.09395356
MODEL_B,language_model-layers-16,EEG2,sub-06,occipital_parietal,0.00513672,-7.30482414,-9.77170395,-156444840.21980962,0.12061228,0.11244697
MODEL_B,language_model-layers-16,EEG2,sub-07,occipital_parietal,0.00952797,-6.2457169,-2.68862996,-79589931.47690123,0.14334269,0.1310301
MODEL_B,language_model-layers-16,EEG2,sub-08,occipital_parietal,0.01060063,9.13788121,-3.63164215,-55172466.20571287,0.08175133,0.08599012
MODEL_B,language_model-layers-16,EEG2,sub-09,occipital_parietal,0.00586914,-0.3570929,-6.61074231,-164494025.50006872,0.07440688,0.06898261
MODEL_B,language_model-layers-16,EEG2,sub-10,occipital_parietal,0.00548924,-8.44993117,-3.86137486,-75531018.65191348,0.08261653,0.11349667
MODEL_B,visual-blocks-2,EEG2,sub-01,occipital_parietal,0.14460741,65.30412984,0.01245989,-1264707.12097277,0.03270663,-0.00070748
MODEL_B,visual-blocks-2,EEG2,sub-02,occipital_parietal,0.12211727,22.15600913,-0.01633244,-702982.28765588,0.02007867,0.02410221
MODEL_B,visual-blocks-2,EEG2,sub-03,occipital_parietal,0.18292438,28.96889264,0.02868198,-742302.50622792,0.06792049,0.08145197
MODEL_B,visual-blocks-2,EEG2,sub-04,occipital_parietal,0.14708447,33.05287294,0.00559269,-621703.4728308,0.07123652,0.0059858
MODEL_B,visual-blocks-2,EEG2,sub-05,occipital_parietal,0.17900517,82.50718292,0.0304557,-1697798.9183198,0.0622994,0.05904335
MODEL_B,visual-blocks-2,EEG2,sub-06,occipital_parietal,0.19881176,38.81849723,0.03356007,-506054.07108756,0.0123277,0.04960899
MODEL_B,visual-blocks-2,EEG2,sub-07,occipital_parietal,0.13674425,12.0640803,-0.00727982,-1579917.71725031,0.03041189,0.05834359
MODEL_B,visual-blocks-2,EEG2,sub-08,occipital_parietal,0.13580428,13.18872004,-0.00895368,-671371.54761965,0.02170992,0.06330596
MODEL_B,visual-blocks-2,EEG2,sub-09,occipital_parietal,0.13228549,62.10593674,0.00207652,-816841.45493267,0.05613037,0.03364223
MODEL_B,visual-blocks-2,EEG2,sub-10,occipital_parietal,0.22711065,28.44225585,0.05953917,-413567.81981692,0.05891567,0.07937869
MODEL_B,visual-blocks-6,EEG2,sub-01,occipital_parietal,0.1598355,44.05817046,0.00376353,-2294675.17775535,0.0417371,0.00087021
MODEL_B,visual-blocks-6,EEG2,sub-02,occipital_parietal,0.09514316,-38.53672155,-0.02272411,-1048353.6445213,0.01456131,0.02799421
MODEL_B,visual-blocks-6,EEG2,sub-03,occipital_parietal,0.20453624,57.6853169,0.03140645,-1024431.27424803,0.08230981,0.08246929
MODEL_B,visual-blocks-6,EEG2,sub-04,occipital_parietal,0.17233124,-9.35521622,0.0115276,-1017402.82765787,0.09097322,0.00492939
MODEL_B,visual-blocks-6,EEG2,sub-05,occipital_parietal,0.1394852,38.04663753,-0.07626813,-5644099.82846505,0.08735249,0.05282227
MODEL_B,visual-blocks-6,EEG2,sub-06,occipital_parietal,0.21315826,6.28687104,0.02687139,-987639.717765,0.04293929,0.05938251
MODEL_B,visual-blocks-6,EEG2,sub-07,occipital_parietal,0.19555149,80.22993974,0.01243581,-1947517.19605235,0.05297666,0.07513588
MODEL_B,visual-blocks-6,EEG2,sub-08,occipital_parietal,0.15341961,26.22032178,-0.03539458,-1504300.33959231,0.04870149,0.07107089
MODEL_B,visual-blocks-6,EEG2,sub-09,occipital_parietal,0.12476322,37.95602594,-0.01576284,-1426574.32893241,0.08022062,0.04182717
MODEL_B,visual-blocks-6,EEG2,sub-10,occipital_parietal,0.2467977,68.85475977,0.03675489,-910305.64611594,0.08969383,0.0865203
MODEL_B,visual-blocks-10,EEG2,sub-01,occipital_parietal,0.0980328,39.39769809,-0.52673184,-18614351.9920147,0.014216,0.00063027
MODEL_B,visual-blocks-10,EEG2,sub-02,occipital_parietal,0.06266606,8.11627759,-0.70306344,-8951626.82476294,-0.02715425,0.00704715
MODEL_B,visual-blocks-10,EEG2,sub-03,occipital_parietal,0.11187067,12.61581747,-0.60932603,-9711028.997965,0.02365702,0.01724123
MODEL_B,visual-blocks-10,EEG2,sub-04,occipital_parietal,0.07256836,33.1494561,-0.57939544,-9527462.8940182,0.06745094,0.00137442
MODEL_B,visual-blocks-10,EEG2,sub-05,occipital_parietal,0.12310002,167.20585064,-0.55905039,-24481783.49356307,0.03064116,0.02407855
MODEL_B,visual-blocks-10,EEG2,sub-06,occipital_parietal,0.1390998,32.92037181,-0.57002861,-9922226.64840788,0.01883477,0.03400538
MODEL_B,visual-blocks-10,EEG2,sub-07,occipital_parietal,0.10370751,18.05799712,-0.53898027,-16455897.55711716,0.06244133,0.01946506
MODEL_B,visual-blocks-10,EEG2,sub-08,occipital_parietal,0.11156475,31.79659962,-0.65043344,-10366201.93910747,0.03573133,0.0161309
MODEL_B,visual-blocks-10,EEG2,sub-09,occipital_parietal,0.0430694,-15.17932034,-0.79807136,-17208507.64815824,0.0811106,0.01238776
MODEL_B,visual-blocks-10,EEG2,sub-10,occipital_parietal,0.11958281,-18.16218954,-0.55584293,-14460055.01707658,0.02513946,0.02764377
MODEL_B,visual-blocks-14,EEG2,sub-01,occipital_parietal,0.1337495,33.82172267,-1.10314138,-44076038.80953535,0.01941993,-0.00195799
MODEL_B,visual-blocks-14,EEG2,sub-02,occipital_parietal,0.09437631,13.67700584,-0.73555993,-10805649.00187713,-0.0012341,0.00730188
MODEL_B,visual-blocks-14,EEG2,sub-03,occipital_parietal,0.13083981,60.46870301,-0.71213502,-12304523.49469934,0.02515538,0.0149625
MODEL_B,visual-blocks-14,EEG2,sub-04,occipital_parietal,0.04219662,6.71644524,-0.5780388,-9126558.26062177,0.09166441,0.00042562
MODEL_B,visual-blocks-14,EEG2,sub-05,occipital_parietal,0.15884867,158.9591833,-0.77069854,-37432544.59317967,0.04114387,0.02733178
MODEL_B,visual-blocks-14,EEG2,sub-06,occipital_parietal,0.18828044,71.87396686,-0.48530771,-8565751.01372207,-0.00386155,0.03481958
MODEL_B,visual-blocks-14,EEG2,sub-07,occipital_parietal,0.17971354,70.70010597,-0.54556035,-20935423.63481008,0.04991058,0.02031058
MODEL_B,visual-blocks-14,EEG2,sub-08,occipital_parietal,0.12763517,4.12557091,-0.72253212,-11780890.33230922,0.02799836,0.01304174
MODEL_B,visual-blocks-14,EEG2,sub-09,occipital_parietal,0.09653912,34.3686696,-0.75581934,-17057665.26318958,0.07523176,0.01383864
MODEL_B,visual-blocks-14,EEG2,sub-10,occipital_parietal,0.19421098,35.62664275,-0.49866999,-13026514.95144813,-0.00430122,0.02646485
MODEL_B,visual-blocks-18,EEG2,sub-01,occipital_parietal,0.08461344,51.58576568,-0.33761587,-13484469.63722864,0.0162338,-0.00146538
MODEL_B,visual-blocks-18,EEG2,sub-02,occipital_parietal,0.071674,9.88257192,-0.34996471,-5662105.65802729,0.00459262,0.01162084
MODEL_B,visual-blocks-18,EEG2,sub-03,occipital_parietal,0.08794744,-28.41185181,-0.34673153,-6604715.77053078,0.02445331,0.02014065
MODEL_B,visual-blocks-18,EEG2,sub-04,occipital_parietal,0.08363074,-13.84230892,-0.28985365,-5869392.50904374,0.08712048,0.00134802
MODEL_B,visual-blocks-18,EEG2,sub-05,occipital_parietal,0.09027169,2.00137773,-0.3550304,-17268154.52062775,0.06759456,0.03514429
MODEL_B,visual-blocks-18,EEG2,sub-06,occipital_parietal,0.13208979,35.98116348,-0.29726066,-5353072.11529371,0.00697479,0.04323307
MODEL_B,visual-blocks-18,EEG2,sub-07,occipital_parietal,0.11307885,-23.91732412,-0.29926873,-10122725.84457158,0.0446069,0.03210596
MODEL_B,visual-blocks-18,EEG2,sub-08,occipital_parietal,0.10978173,23.78766225,-0.30701477,-4895321.05344066,0.04911555,0.02175261
MODEL_B,visual-blocks-18,EEG2,sub-09,occipital_parietal,0.08869883,-8.45295107,-0.39760358,-11992344.67541018,0.0742292,0.01840419
MODEL_B,visual-blocks-18,EEG2,sub-10,occipital_parietal,0.12736949,-12.01811309,-0.22454834,-5529148.14141806,-0.00963303,0.03688633
MODEL_B,visual-blocks-22,EEG2,sub-01,occipital_parietal,0.14693004,74.12419452,-0.14744624,-7344656.71750158,0.0291208,0.00262485
MODEL_B,visual-blocks-22,EEG2,sub-02,occipital_parietal,0.10491529,-6.74467543,-0.20396174,-4005008.16575945,0.04214152,0.02292783
MODEL_B,visual-blocks-22,EEG2,sub-03,occipital_parietal,0.1479375,28.66989621,-0.16331904,-3184384.61419408,0.03782803,0.03636028
MODEL_B,visual-blocks-22,EEG2,sub-04,occipital_parietal,0.12433832,-59.37463094,-0.22047197,-5076526.94783538,0.04892591,0.00424534
MODEL_B,visual-blocks-22,EEG2,sub-05,occipital_parietal,0.16464357,171.76323329,-0.13111753,-8302161.64819554,0.06467152,0.05783866
MODEL_B,visual-blocks-22,EEG2,sub-06,occipital_parietal,0.18449926,5.4432924,-0.13304405,-3300767.34939478,0.05927477,0.06746902
MODEL_B,visual-blocks-22,EEG2,sub-07,occipital_parietal,0.18884927,73.74843869,-0.11262541,-5919189.45527839,0.09837294,0.0599249
MODEL_B,visual-blocks-22,EEG2,sub-08,occipital_parietal,0.17638915,17.70255035,-0.13763587,-3068449.73168779,0.07487839,0.04528107
MODEL_B,visual-blocks-22,EEG2,sub-09,occipital_parietal,0.14894166,61.93270812,-0.137867,-5396319.86115123,0.08422363,0.02962992
MODEL_B,visual-blocks-22,EEG2,sub-10,occipital_parietal,0.26169174,58.89865219,-0.01387753,-2988785.06041243,0.04967731,0.06669982
